SELECT * FROM remsdb1.property;
CREATE TABLE Property (
    Property_ID INT PRIMARY KEY,
    Address VARCHAR(255),
    Type VARCHAR(50),
    Bedrooms INT,
    Bathrooms INT,
    Price DECIMAL(15, 2),
    Square_footage INT
);
CREATE TABLE Agent (
    Agent_ID INT PRIMARY KEY,
    Name VARCHAR(100),
    Contact_info VARCHAR(255),
    Commission DECIMAL(10, 2),
    License_No VARCHAR(50)
);
CREATE TABLE Buyer (
    Buyer_ID INT PRIMARY KEY,
    Name VARCHAR(100),
    Contact_info VARCHAR(255)
);

CREATE TABLE Seller (
    Seller_ID INT PRIMARY KEY,
    Name VARCHAR(100),
    Contact_info VARCHAR(255)
);
CREATE TABLE Listing (
    Listing_ID INT PRIMARY KEY,
    Agent_ID INT,
    Property_ID INT,
    Date_Listed DATE,
    Status VARCHAR(50),
    FOREIGN KEY (Agent_ID) REFERENCES Agent(Agent_ID),
    FOREIGN KEY (Property_ID) REFERENCES Property(Property_ID)
);
CREATE TABLE Contract (
    Contract_ID INT PRIMARY KEY,
    Buyer_ID INT,
    Seller_ID INT,
    Date_Signed DATE,
    Status VARCHAR(50),
    FOREIGN KEY (Buyer_ID) REFERENCES Buyer(Buyer_ID),
    FOREIGN KEY (Seller_ID) REFERENCES Seller(Seller_ID)
);

CREATE TABLE Mortgage (
    Mortgage_ID INT PRIMARY KEY,
    Buyer_ID INT,
    Lender VARCHAR(100),
    Amount DECIMAL(15, 2),
    Interest_Rate DECIMAL(5, 2),
    Term INT,
    FOREIGN KEY (Buyer_ID) REFERENCES Buyer(Buyer_ID)
);

CREATE TABLE Inspection (
    Inspection_ID INT PRIMARY KEY,
    Property_ID INT,
    Date DATE,
    Description TEXT,
    FOREIGN KEY (Property_ID) REFERENCES Property(Property_ID)
);
CREATE TABLE Neighborhood (
    Neighbourhood_ID INT PRIMARY KEY,
    Name VARCHAR(100),
    Location VARCHAR(255),
    Crime_rate DECIMAL(5, 2)
);

CREATE TABLE Report (
    Report_ID INT PRIMARY KEY,
    Inspector_ID INT,
    Date DATE,
    Description TEXT,
    FOREIGN KEY (Inspector_ID) REFERENCES Agent(Agent_ID)
);

select * from Property;
select * from Agent;
select * from Buyer;
select * from Seller;
select * from Listing;
select * from Contract;
select * from Mortgage;
select * from Inspection;
select * from Neighborhood;
select * from Report;

INSERT INTO Property (Property_ID, Address, Type, Bedrooms, Bathrooms, Price, Square_footage) VALUES
(1, '123 Main St', 'House', 3, 2, 350000, 2000),
(2, '456 Elm St', 'Condo', 2, 1, 250000, 1200),
(3, '789 Oak St', 'House', 4, 3, 450000, 2500),
(4, '101 Maple Ave', 'Apartment', 1, 1, 150000, 800),
(5, '202 Pine St', 'House', 5, 4, 600000, 3000),
(6, '303 Birch St', 'Condo', 3, 2, 300000, 1800),
(7, '404 Cedar St', 'House', 4, 3, 500000, 2600),
(8, '505 Spruce St', 'House', 3, 2, 350000, 2000),
(9, '606 Willow St', 'Condo', 2, 1, 230000, 1100),
(10, '707 Ash St', 'Apartment', 1, 1, 140000, 700),
(11, '808 Fir St', 'House', 4, 2, 400000, 2400),
(12, '909 Redwood St', 'House', 5, 3, 550000, 3200),
(13, '1010 Palm St', 'Condo', 2, 1, 260000, 1300),
(14, '1111 Cypress St', 'House', 3, 2, 370000, 2200),
(15, '1212 Magnolia St', 'Apartment', 1, 1, 160000, 850),
(16, '1313 Poplar St', 'House', 4, 3, 490000, 2800),
(17, '1414 Cherry St', 'Condo', 3, 2, 310000, 1700),
(18, '1515 Walnut St', 'House', 4, 2, 420000, 2600),
(19, '1616 Sycamore St', 'House', 3, 2, 340000, 2100),
(20, '1717 Hickory St', 'Condo', 2, 1, 240000, 1200),
(21, '1818 Beech St', 'Apartment', 1, 1, 150000, 800),
(22, '1919 Chestnut St', 'House', 5, 4, 620000, 3100),
(23, '2020 Elmwood St', 'House', 4, 3, 470000, 2700),
(24, '2121 Pinewood St', 'Condo', 3, 2, 320000, 1900),
(25, '2222 Birchwood St', 'House', 4, 2, 410000, 2500),
(26, '2323 Cedarwood St', 'House', 3, 2, 360000, 2300),
(27, '2424 Sprucewood St', 'Condo', 2, 1, 250000, 1100),
(28, '2525 Willowwood St', 'Apartment', 1, 1, 170000, 750),
(29, '2626 Ashwood St', 'House', 4, 2, 390000, 2400),
(30, '2727 Firwood St', 'House', 5, 3, 540000, 3300),
(31, '2828 Redwoodwood St', 'Condo', 2, 1, 270000, 1400),
(32, '2929 Palmwood St', 'House', 3, 2, 380000, 2200),
(33, '3030 Cypresswood St', 'Apartment', 1, 1, 180000, 850),
(34, '3131 Magnolias St', 'House', 4, 3, 500000, 2900),
(35, '3232 Poplarwood St', 'Condo', 3, 2, 330000, 1600),
(36, '3333 Cherrywood St', 'House', 4, 2, 430000, 2700),
(37, '3434 Walnutwood St', 'House', 3, 2, 370000, 2000),
(38, '3535 Sycamorewood St', 'Condo', 2, 1, 280000, 1200),
(39, '3636 Hickorywood St', 'Apartment', 1, 1, 190000, 900),
(40, '3737 Beechwood St', 'House', 5, 4, 650000, 3500),
(41, '3838 Chestnutwood St', 'House', 4, 3, 480000, 2600),
(42, '3939 Elmwoodwood St', 'Condo', 3, 2, 340000, 1800),
(43, '4040 Pinewoodwood St', 'House', 4, 2, 440000, 2800),
(44, '4141 Birchwoodwood St', 'House', 3, 2, 400000, 2200),
(45, '4242 Cedarwoodwood St', 'Condo', 2, 1, 290000, 1300),
(46, '4343 Sprucewoodwood St', 'Apartment', 1, 1, 200000, 950),
(47, '4444 Willowwoodwood St', 'House', 4, 2, 420000, 2600),
(48, '4545 Ashwoodwood St', 'House', 5, 3, 560000, 3200),
(49, '4646 Firwoodwood St', 'Condo', 2, 1, 300000, 1400),
(50, '4747 Redwoodwoodwood St', 'House', 3, 2, 410000, 2300);

INSERT INTO Agent (Agent_ID, Name, Contact_info, Commission, License_No) VALUES
(1, 'John Doe', 'john.doe@example.com', 5.5, 'A12345'),
(2, 'Jane Smith', 'jane.smith@example.com', 6.0, 'B23456'),
(3, 'Emily Johnson', 'emily.johnson@example.com', 4.5, 'C34567'),
(4, 'Michael Brown', 'michael.brown@example.com', 5.0, 'D45678'),
(5, 'Jessica Davis', 'jessica.davis@example.com', 6.5, 'E56789'),
(6, 'David Wilson', 'david.wilson@example.com', 4.0, 'F67890'),
(7, 'Sarah Miller', 'sarah.miller@example.com', 5.2, 'G78901'),
(8, 'Chris Moore', 'chris.moore@example.com', 5.8, 'H89012'),
(9, 'Amanda Taylor', 'amanda.taylor@example.com', 4.7, 'I90123'),
(10, 'Matthew Anderson', 'matthew.anderson@example.com', 5.3, 'J01234'),
(11, 'Laura Thomas', 'laura.thomas@example.com', 6.1, 'K12345'),
(12, 'Daniel Jackson', 'daniel.jackson@example.com', 4.9, 'L23456'),
(13, 'Olivia White', 'olivia.white@example.com', 5.4, 'M34567'),
(14, 'Joshua Harris', 'joshua.harris@example.com', 5.6, 'N45678'),
(15, 'Sophia Martin', 'sophia.martin@example.com', 4.8, 'O56789'),
(16, 'Andrew Lee', 'andrew.lee@example.com', 6.2, 'P67890'),
(17, 'Ashley Perez', 'ashley.perez@example.com', 5.1, 'Q78901'),
(18, 'Ryan Clark', 'ryan.clark@example.com', 6.3, 'R89012'),
(19, 'Megan Rodriguez', 'megan.rodriguez@example.com', 4.6, 'S90123'),
(20, 'Justin Lewis', 'justin.lewis@example.com', 5.7, 'T01234'),
(21, 'Natalie Walker', 'natalie.walker@example.com', 5.0, 'U12345'),
(22, 'Brandon Hall', 'brandon.hall@example.com', 6.4, 'V23456'),
(23, 'Hannah Allen', 'hannah.allen@example.com', 4.3, 'W34567'),
(24, 'Tyler Young', 'tyler.young@example.com', 5.2, 'X45678'),
(25, 'Samantha King', 'samantha.king@example.com', 5.6, 'Y56789'),
(26, 'Ethan Wright', 'ethan.wright@example.com', 6.0, 'Z67890'),
(27, 'Brittany Scott', 'brittany.scott@example.com', 4.9, 'A78901'),
(28, 'Dylan Green', 'dylan.green@example.com', 5.4, 'B89012'),
(29, 'Victoria Adams', 'victoria.adams@example.com', 5.8, 'C90123'),
(30, 'Zachary Baker', 'zachary.baker@example.com', 6.1, 'D01234'),
(31, 'Lauren Gonzalez', 'lauren.gonzalez@example.com', 4.7, 'E12345'),
(32, 'Jason Nelson', 'jason.nelson@example.com', 5.3, 'F23456'),
(33, 'Taylor Carter', 'taylor.carter@example.com', 6.5, 'G34567'),
(34, 'Kayla Mitchell', 'kayla.mitchell@example.com', 4.8, 'H45678'),
(35, 'James Perez', 'james.perez@example.com', 5.5, 'I56789'),
(36, 'Emma Roberts', 'emma.roberts@example.com', 6.2, 'J67890'),
(37, 'Benjamin Turner', 'benjamin.turner@example.com', 5.0, 'K78901'),
(38, 'Alyssa Phillips', 'alyssa.phillips@example.com', 5.9, 'L89012'),
(39, 'Kevin Campbell', 'kevin.campbell@example.com', 6.3, 'M90123'),
(40, 'Amber Parker', 'amber.parker@example.com', 4.6, 'N01234'),
(41, 'Kyle Evans', 'kyle.evans@example.com', 5.7, 'O12345'),
(42, 'Madison Edwards', 'madison.edwards@example.com', 6.4, 'P23456'),
(43, 'Aaron Collins', 'aaron.collins@example.com', 4.5, 'Q34567'),
(44, 'Rachel Stewart', 'rachel.stewart@example.com', 5.1, 'R45678'),
(45, 'Steven Sanchez', 'steven.sanchez@example.com', 6.0, 'S56789'),
(46, 'Katherine Morris', 'katherine.morris@example.com', 4.9, 'T67890'),
(47, 'Austin Rogers', 'austin.rogers@example.com', 5.3, 'U78901'),
(48, 'Jasmine Reed', 'jasmine.reed@example.com', 5.8, 'V89012'),
(49, 'Adam Cook', 'adam.cook@example.com', 6.1, 'W90123'),
(50, 'Michelle Morgan', 'michelle.morgan@example.com', 4.7, 'X01234');

INSERT INTO Buyer (Buyer_ID, Name, Contact_info) VALUES
(1, 'John Smith', 'john.smith@example.com'),
(2, 'Jane Doe', 'jane.doe@example.com'),
(3, 'Michael Johnson', 'michael.johnson@example.com'),
(4, 'Emily Davis', 'emily.davis@example.com'),
(5, 'Daniel Brown', 'daniel.brown@example.com'),
(6, 'Sophia Wilson', 'sophia.wilson@example.com'),
(7, 'James Garcia', 'james.garcia@example.com'),
(8, 'Olivia Martinez', 'olivia.martinez@example.com'),
(9, 'William Anderson', 'william.anderson@example.com'),
(10, 'Emma Thomas', 'emma.thomas@example.com'),
(11, 'Alexander Jackson', 'alexander.jackson@example.com'),
(12, 'Mia White', 'mia.white@example.com'),
(13, 'David Harris', 'david.harris@example.com'),
(14, 'Isabella Martin', 'isabella.martin@example.com'),
(15, 'Benjamin Thompson', 'benjamin.thompson@example.com'),
(16, 'Charlotte Lee', 'charlotte.lee@example.com'),
(17, 'Lucas Walker', 'lucas.walker@example.com'),
(18, 'Amelia Perez', 'amelia.perez@example.com'),
(19, 'Henry Hall', 'henry.hall@example.com'),
(20, 'Evelyn Young', 'evelyn.young@example.com'),
(21, 'Christopher Allen', 'christopher.allen@example.com'),
(22, 'Avery King', 'avery.king@example.com'),
(23, 'Matthew Scott', 'matthew.scott@example.com'),
(24, 'Sofia Green', 'sofia.green@example.com'),
(25, 'Andrew Baker', 'andrew.baker@example.com'),
(26, 'Ella Nelson', 'ella.nelson@example.com'),
(27, 'Joshua Carter', 'joshua.carter@example.com'),
(28, 'Grace Mitchell', 'grace.mitchell@example.com'),
(29, 'Ryan Gonzalez', 'ryan.gonzalez@example.com'),
(30, 'Harper Adams', 'harper.adams@example.com'),
(31, 'Joseph Reed', 'joseph.reed@example.com'),
(32, 'Victoria Rogers', 'victoria.rogers@example.com'),
(33, 'Ethan Cook', 'ethan.cook@example.com'),
(34, 'Lily Murphy', 'lily.murphy@example.com'),
(35, 'Samuel Bell', 'samuel.bell@example.com'),
(36, 'Aria Cooper', 'aria.cooper@example.com'),
(37, 'Jack Richardson', 'jack.richardson@example.com'),
(38, 'Chloe Howard', 'chloe.howard@example.com'),
(39, 'Owen Ward', 'owen.ward@example.com'),
(40, 'Layla Cox', 'layla.cox@example.com'),
(41, 'Sebastian Brooks', 'sebastian.brooks@example.com'),
(42, 'Riley Diaz', 'riley.diaz@example.com'),
(43, 'Levi Gray', 'levi.gray@example.com'),
(44, 'Nora Hughes', 'nora.hughes@example.com'),
(45, 'Isaac Price', 'isaac.price@example.com'),
(46, 'Hannah Myers', 'hannah.myers@example.com'),
(47, 'Anthony Bryant', 'anthony.bryant@example.com'),
(48, 'Zoe Sanders', 'zoe.sanders@example.com'),
(49, 'Wyatt Russell', 'wyatt.russell@example.com'),
(50, 'Scarlett Griffin', 'scarlett.griffin@example.com');

INSERT INTO Seller (Seller_ID, Name, Contact_info) VALUES
(1, 'Alice Brown', 'alice.brown@example.com'),
(2, 'Robert Johnson', 'robert.johnson@example.com'),
(3, 'Patricia Williams', 'patricia.williams@example.com'),
(4, 'Charles Jones', 'charles.jones@example.com'),
(5, 'Linda Garcia', 'linda.garcia@example.com'),
(6, 'Thomas Martinez', 'thomas.martinez@example.com'),
(7, 'Barbara Wilson', 'barbara.wilson@example.com'),
(8, 'Christopher Anderson', 'christopher.anderson@example.com'),
(9, 'Jennifer Thomas', 'jennifer.thomas@example.com'),
(10, 'Daniel Jackson', 'daniel.jackson@example.com'),
(11, 'Mary White', 'mary.white@example.com'),
(12, 'Anthony Harris', 'anthony.harris@example.com'),
(13, 'Susan Martin', 'susan.martin@example.com'),
(14, 'David Thompson', 'david.thompson@example.com'),
(15, 'Margaret Lee', 'margaret.lee@example.com'),
(16, 'Mark Walker', 'mark.walker@example.com'),
(17, 'Jessica Perez', 'jessica.perez@example.com'),
(18, 'Paul Hall', 'paul.hall@example.com'),
(19, 'Sarah Young', 'sarah.young@example.com'),
(20, 'Steven Allen', 'steven.allen@example.com'),
(21, 'Karen King', 'karen.king@example.com'),
(22, 'Joseph Wright', 'joseph.wright@example.com'),
(23, 'Nancy Scott', 'nancy.scott@example.com'),
(24, 'Kevin Green', 'kevin.green@example.com'),
(25, 'Betty Adams', 'betty.adams@example.com'),
(26, 'Edward Nelson', 'edward.nelson@example.com'),
(27, 'Sandra Baker', 'sandra.baker@example.com'),
(28, 'George Carter', 'george.carter@example.com'),
(29, 'Donna Mitchell', 'donna.mitchell@example.com'),
(30, 'Kenneth Gonzalez', 'kenneth.gonzalez@example.com'),
(31, 'Carol Perez', 'carol.perez@example.com'),
(32, 'Brian Roberts', 'brian.roberts@example.com'),
(33, 'Ruth Turner', 'ruth.turner@example.com'),
(34, 'Ronald Phillips', 'ronald.phillips@example.com'),
(35, 'Deborah Campbell', 'deborah.campbell@example.com'),
(36, 'Jason Parker', 'jason.parker@example.com'),
(37, 'Helen Evans', 'helen.evans@example.com'),
(38, 'Eric Edwards', 'eric.edwards@example.com'),
(39, 'Katherine Collins', 'katherine.collins@example.com'),
(40, 'Matthew Stewart', 'matthew.stewart@example.com'),
(41, 'Frances Sanchez', 'frances.sanchez@example.com'),
(42, 'Joshua Morris', 'joshua.morris@example.com'),
(43, 'Janet Rogers', 'janet.rogers@example.com'),
(44, 'Larry Reed', 'larry.reed@example.com'),
(45, 'Maria Cook', 'maria.cook@example.com'),
(46, 'Scott Morgan', 'scott.morgan@example.com'),
(47, 'Laura Bell', 'laura.bell@example.com'),
(48, 'Raymond Murphy', 'raymond.murphy@example.com'),
(49, 'Virginia Bailey', 'virginia.bailey@example.com'),
(50, 'Gregory Rivera', 'gregory.rivera@example.com');

INSERT INTO Listing (Listing_ID, Agent_ID, Property_ID, Date_Listed, Status) VALUES
(1, 1, 1, '2024-01-01', 'Active'),
(2, 2, 2, '2024-01-02', 'Active'),
(3, 3, 3, '2024-01-03', 'Pending'),
(4, 4, 4, '2024-01-04', 'Sold'),
(5, 5, 5, '2024-01-05', 'Active'),
(6, 6, 6, '2024-01-06', 'Pending'),
(7, 7, 7, '2024-01-07', 'Sold'),
(8, 8, 8, '2024-01-08', 'Active'),
(9, 9, 9, '2024-01-09', 'Pending'),
(10, 10, 10, '2024-01-10', 'Sold'),
(11, 11, 11, '2024-01-11', 'Active'),
(12, 12, 12, '2024-01-12', 'Pending'),
(13, 13, 13, '2024-01-13', 'Sold'),
(14, 14, 14, '2024-01-14', 'Active'),
(15, 15, 15, '2024-01-15', 'Pending'),
(16, 16, 16, '2024-01-16', 'Sold'),
(17, 17, 17, '2024-01-17', 'Active'),
(18, 18, 18, '2024-01-18', 'Pending'),
(19, 19, 19, '2024-01-19', 'Sold'),
(20, 20, 20, '2024-01-20', 'Active'),
(21, 21, 21, '2024-01-21', 'Pending'),
(22, 22, 22, '2024-01-22', 'Sold'),
(23, 23, 23, '2024-01-23', 'Active'),
(24, 24, 24, '2024-01-24', 'Pending'),
(25, 25, 25, '2024-01-25', 'Sold'),
(26, 26, 26, '2024-01-26', 'Active'),
(27, 27, 27, '2024-01-27', 'Pending'),
(28, 28, 28, '2024-01-28', 'Sold'),
(29, 29, 29, '2024-01-29', 'Active'),
(30, 30, 30, '2024-01-30', 'Pending'),
(31, 31, 31, '2024-01-31', 'Sold'),
(32, 32, 32, '2024-02-01', 'Active'),
(33, 33, 33, '2024-02-02', 'Pending'),
(34, 34, 34, '2024-02-03', 'Sold'),
(35, 35, 35, '2024-02-04', 'Active'),
(36, 36, 36, '2024-02-05', 'Pending'),
(37, 37, 37, '2024-02-06', 'Sold'),
(38, 38, 38, '2024-02-07', 'Active'),
(39, 39, 39, '2024-02-08', 'Pending'),
(40, 40, 40, '2024-02-09', 'Sold'),
(41, 41, 41, '2024-02-10', 'Active'),
(42, 42, 42, '2024-02-11', 'Pending'),
(43, 43, 43, '2024-02-12', 'Sold'),
(44, 44, 44, '2024-02-13', 'Active'),
(45, 45, 45, '2024-02-14', 'Pending'),
(46, 46, 46, '2024-02-15', 'Sold'),
(47, 47, 47, '2024-02-16', 'Active'),
(48, 48, 48, '2024-02-17', 'Pending'),
(49, 49, 49, '2024-02-18', 'Sold'),
(50, 50, 50, '2024-02-19', 'Active');

INSERT INTO Contract (Contract_ID, Buyer_ID, Seller_ID, Date_Signed, Status) VALUES
(1, 1, 1, '2024-03-01', 'Signed'),
(2, 2, 2, '2024-03-02', 'Signed'),
(3, 3, 3, '2024-03-03', 'Pending'),
(4, 4, 4, '2024-03-04', 'Signed'),
(5, 5, 5, '2024-03-05', 'Cancelled'),
(6, 6, 6, '2024-03-06', 'Signed'),
(7, 7, 7, '2024-03-07', 'Pending'),
(8, 8, 8, '2024-03-08', 'Signed'),
(9, 9, 9, '2024-03-09', 'Cancelled'),
(10, 10, 10, '2024-03-10', 'Signed'),
(11, 11, 11, '2024-03-11', 'Signed'),
(12, 12, 12, '2024-03-12', 'Pending'),
(13, 13, 13, '2024-03-13', 'Signed'),
(14, 14, 14, '2024-03-14', 'Cancelled'),
(15, 15, 15, '2024-03-15', 'Signed'),
(16, 16, 16, '2024-03-16', 'Pending'),
(17, 17, 17, '2024-03-17', 'Signed'),
(18, 18, 18, '2024-03-18', 'Cancelled'),
(19, 19, 19, '2024-03-19', 'Signed'),
(20, 20, 20, '2024-03-20', 'Pending'),
(21, 21, 21, '2024-03-21', 'Signed'),
(22, 22, 22, '2024-03-22', 'Cancelled'),
(23, 23, 23, '2024-03-23', 'Signed'),
(24, 24, 24, '2024-03-24', 'Pending'),
(25, 25, 25, '2024-03-25', 'Signed'),
(26, 26, 26, '2024-03-26', 'Cancelled'),
(27, 27, 27, '2024-03-27', 'Signed'),
(28, 28, 28, '2024-03-28', 'Pending'),
(29, 29, 29, '2024-03-29', 'Signed'),
(30, 30, 30, '2024-03-30', 'Cancelled'),
(31, 31, 31, '2024-03-31', 'Signed'),
(32, 32, 32, '2024-04-01', 'Pending'),
(33, 33, 33, '2024-04-02', 'Signed'),
(34, 34, 34, '2024-04-03', 'Cancelled'),
(35, 35, 35, '2024-04-04', 'Signed');

INSERT INTO Mortgage (Mortgage_ID, Buyer_ID, Lender, Amount, Interest_Rate, Term) VALUES
(1, 1, 'Bank of America', 250000, 3.5, 30),
(2, 2, 'Wells Fargo', 300000, 3.6, 30),
(3, 3, 'Chase Bank', 150000, 3.4, 15),
(4, 4, 'Citibank', 400000, 3.8, 30),
(5, 5, 'US Bank', 500000, 3.9, 30),
(6, 6, 'PNC Bank', 275000, 3.7, 30),
(7, 7, 'TD Bank', 325000, 3.5, 20),
(8, 8, 'SunTrust', 450000, 3.6, 30),
(9, 9, 'BB&T', 200000, 3.4, 15),
(10, 10, 'Regions Bank', 350000, 3.8, 30),
(11, 11, 'HSBC', 250000, 3.7, 30),
(12, 12, 'Capital One', 300000, 3.5, 30),
(13, 13, 'Ally Bank', 150000, 3.6, 15),
(14, 14, 'Charles Schwab', 400000, 3.4, 30),
(15, 15, 'Fifth Third Bank', 500000, 3.9, 30),
(16, 16, 'M&T Bank', 275000, 3.8, 30),
(17, 17, 'Santander Bank', 325000, 3.7, 20),
(18, 18, 'KeyBank', 450000, 3.5, 30),
(19, 19, 'Huntington Bank', 200000, 3.4, 15),
(20, 20, 'Citizens Bank', 350000, 3.8, 30),
(21, 21, 'Bank of America', 250000, 3.5, 30),
(22, 22, 'Wells Fargo', 300000, 3.6, 30),
(23, 23, 'Chase Bank', 150000, 3.4, 15),
(24, 24, 'Citibank', 400000, 3.8, 30),
(25, 25, 'US Bank', 500000, 3.9, 30),
(26, 26, 'PNC Bank', 275000, 3.7, 30),
(27, 27, 'TD Bank', 325000, 3.5, 20),
(28, 28, 'SunTrust', 450000, 3.6, 30),
(29, 29, 'BB&T', 200000, 3.4, 15),
(30, 30, 'Regions Bank', 350000, 3.8, 30),
(31, 31, 'HSBC', 250000, 3.7, 30),
(32, 32, 'Capital One', 300000, 3.5, 30),
(33, 33, 'Ally Bank', 150000, 3.6, 15),
(34, 34, 'Charles Schwab', 400000, 3.4, 30),
(35, 35, 'Fifth Third Bank', 500000, 3.9, 30),
(36, 36, 'M&T Bank', 275000, 3.8, 30),
(37, 37, 'Santander Bank', 325000, 3.7, 20),
(38, 38, 'KeyBank', 450000, 3.5, 30),
(39, 39, 'Huntington Bank', 200000, 3.4, 15),
(40, 40, 'Citizens Bank', 350000, 3.8, 30),
(41, 41, 'Bank of America', 250000, 3.5, 30),
(42, 42, 'Wells Fargo', 300000, 3.6, 30),
(43, 43, 'Chase Bank', 150000, 3.4, 15),
(44, 44, 'Citibank', 400000, 3.8, 30),
(45, 45, 'US Bank', 500000, 3.9, 30),
(46, 46, 'PNC Bank', 275000, 3.7, 30),
(47, 47, 'TD Bank', 325000, 3.5, 20),
(48, 48, 'SunTrust', 450000, 3.6, 30),
(49, 49, 'BB&T', 200000, 3.4, 15),
(50, 50, 'Regions Bank', 350000, 3.8, 30);

INSERT INTO Inspection (Inspection_ID, Property_ID, Date, Description) VALUES
(1, 1, '2024-01-01', 'Inspection passed with minor issues.'),
(2, 2, '2024-01-02', 'Inspection failed due to plumbing issues.'),
(3, 3, '2024-01-03', 'Inspection passed with no issues.'),
(4, 4, '2024-01-04', 'Inspection failed due to roof damage.'),
(5, 5, '2024-01-05', 'Inspection passed with minor issues.'),
(6, 6, '2024-01-06', 'Inspection passed with no issues.'),
(7, 7, '2024-01-07', 'Inspection failed due to electrical problems.'),
(8, 8, '2024-01-08', 'Inspection passed with minor issues.'),
(9, 9, '2024-01-09', 'Inspection passed with no issues.'),
(10, 10, '2024-01-10', 'Inspection failed due to mold.'),
(11, 11, '2024-01-11', 'Inspection passed with minor issues.'),
(12, 12, '2024-01-12', 'Inspection failed due to foundation issues.'),
(13, 13, '2024-01-13', 'Inspection passed with no issues.'),
(14, 14, '2024-01-14', 'Inspection failed due to pest infestation.'),
(15, 15, '2024-01-15', 'Inspection passed with minor issues.'),
(16, 16, '2024-01-16', 'Inspection passed with no issues.'),
(17, 17, '2024-01-17', 'Inspection failed due to plumbing issues.'),
(18, 18, '2024-01-18', 'Inspection passed with minor issues.'),
(19, 19, '2024-01-19', 'Inspection passed with no issues.'),
(20, 20, '2024-01-20', 'Inspection failed due to roof damage.'),
(21, 21, '2024-01-21', 'Inspection passed with minor issues.'),
(22, 22, '2024-01-22', 'Inspection failed due to electrical problems.'),
(23, 23, '2024-01-23', 'Inspection passed with no issues.'),
(24, 24, '2024-01-24', 'Inspection failed due to mold.'),
(25, 25, '2024-01-25', 'Inspection passed with minor issues.'),
(26, 26, '2024-01-26', 'Inspection passed with no issues.'),
(27, 27, '2024-01-27', 'Inspection failed due to foundation issues.'),
(28, 28, '2024-01-28', 'Inspection passed with minor issues.'),
(29, 29, '2024-01-29', 'Inspection passed with no issues.'),
(30, 30, '2024-01-30', 'Inspection failed due to pest infestation.'),
(31, 31, '2024-01-31', 'Inspection passed with minor issues.'),
(32, 32, '2024-02-01', 'Inspection passed with no issues.'),
(33, 33, '2024-02-02', 'Inspection failed due to plumbing issues.'),
(34, 34, '2024-02-03', 'Inspection passed with minor issues.'),
(35, 35, '2024-02-04', 'Inspection passed with no issues.'),
(36, 36, '2024-02-05', 'Inspection failed due to roof damage.'),
(37, 37, '2024-02-06', 'Inspection passed with minor issues.'),
(38, 38, '2024-02-07', 'Inspection passed with no issues.'),
(39, 39, '2024-02-08', 'Inspection failed due to electrical problems.'),
(40, 40, '2024-02-09', 'Inspection passed with minor issues.'),
(41, 41, '2024-02-10', 'Inspection passed with no issues.'),
(42, 42, '2024-02-11', 'Inspection failed due to mold.'),
(43, 43, '2024-02-12', 'Inspection passed with minor issues.'),
(44, 44, '2024-02-13', 'Inspection passed with no issues.'),
(45, 45, '2024-02-14', 'Inspection failed due to foundation issues.'),
(46, 46, '2024-02-15', 'Inspection passed with minor issues.'),
(47, 47, '2024-02-16', 'Inspection passed with no issues.'),
(48, 48, '2024-02-17', 'Inspection failed due to pest infestation.'),
(49, 49, '2024-02-18', 'Inspection passed with minor issues.'),
(50, 50, '2024-02-19', 'Inspection passed with no issues.');

INSERT INTO Neighborhood (Neighborhood_ID, Name, Location, Crime_rate) VALUES
(1, 'Maplewood', 'City A', 'Low'),
(2, 'Willow Creek', 'City B', 'Medium'),
(3, 'Oak Ridge', 'City C', 'Low'),
(4, 'Pinehurst', 'City D', 'High'),
(5, 'Cedar Hills', 'City E', 'Medium'),
(6, 'Sycamore Meadows', 'City F', 'Low'),
(7, 'Rosewood Estates', 'City G', 'Medium'),
(8, 'Birchwood Park', 'City H', 'High'),
(9, 'Aspen Grove', 'City I', 'Low'),
(10, 'Hawthorn Hills', 'City J', 'Medium'),
(11, 'Magnolia Pointe', 'City K', 'Low'),
(12, 'Juniper Springs', 'City L', 'High'),
(13, 'Palm Valley', 'City M', 'Medium'),
(14, 'Sunset Ridge', 'City N', 'Low'),
(15, 'Greenbriar', 'City O', 'High'),
(16, 'Whispering Pines', 'City P', 'Low'),
(17, 'Golden Meadows', 'City Q', 'Medium'),
(18, 'Silver Creek', 'City R', 'High'),
(19, 'Lakeside Terrace', 'City S', 'Low'),
(20, 'Riverbend', 'City T', 'Medium'),
(21, 'Brookside', 'City U', 'Low'),
(22, 'Meadowbrook', 'City V', 'High'),
(23, 'Valley View', 'City W', 'Medium'),
(24, 'Lakeview Heights', 'City X', 'Low'),
(25, 'Mountain Crest', 'City Y', 'High'),
(26, 'Forest Glen', 'City Z', 'Low'),
(27, 'Parkside Village', 'City AA', 'Medium'),
(28, 'Woodland Hills', 'City BB', 'Low'),
(29, 'Highland Park', 'City CC', 'High'),
(30, 'Prairie View', 'City DD', 'Medium'),
(31, 'Bayberry Meadows', 'City EE', 'Low'),
(32, 'Evergreen Estates', 'City FF', 'High'),
(33, 'Orchard Grove', 'City GG', 'Medium'),
(34, 'Stonebridge', 'City HH', 'Low'),
(35, 'Hillcrest', 'City II', 'High'),
(36, 'Sunnyvale', 'City JJ', 'Medium'),
(37, 'Fairfield', 'City KK', 'Low'),
(38, 'Westlake', 'City LL', 'High'),
(39, 'Windsor Park', 'City MM', 'Medium'),
(40, 'Timberland', 'City NN', 'Low'),
(41, 'Riverside', 'City OO', 'High'),
(42, 'Chestnut Hills', 'City PP', 'Medium'),
(43, 'Meadowview', 'City QQ', 'Low'),
(44, 'Harbor Point', 'City RR', 'High'),
(45, 'Springfield', 'City SS', 'Medium'),
(46, 'Fairview', 'City TT', 'Low'),
(47, 'Lakefront', 'City UU', 'High'),
(48, 'Stonegate', 'City VV', 'Medium'),
(49, 'Parkview', 'City WW', 'Low'),
(50, 'Glenwood', 'City XX', 'High');

INSERT INTO Report (Report_ID, Inspector_ID, Date, Description) VALUES
(1, 1, '2024-01-01', 'Minor issues identified during inspection.'),
(2, 2, '2024-01-02', 'Major plumbing issues found.'),
(3, 3, '2024-01-03', 'Property in good condition.'),
(4, 4, '2024-01-04', 'Roof damage detected.'),
(5, 5, '2024-01-05', 'Minor repairs needed.'),
(6, 6, '2024-01-06', 'No issues found.'),
(7, 7, '2024-01-07', 'Electrical problems identified.'),
(8, 8, '2024-01-08', 'Minor issues detected.'),
(9, 9, '2024-01-09', 'Property in excellent condition.'),
(10, 10, '2024-01-10', 'Mold discovered in basement.'),
(11, 11, '2024-01-11', 'Minor issues detected.'),
(12, 12, '2024-01-12', 'Foundation issues found.'),
(13, 13, '2024-01-13', 'No significant issues found.'),
(14, 14, '2024-01-14', 'Pest infestation detected.'),
(15, 15, '2024-01-15', 'Minor repairs recommended.'),
(16, 16, '2024-01-16', 'No issues found.'),
(17, 17, '2024-01-17', 'Plumbing issues identified.'),
(18, 18, '2024-01-18', 'Minor repairs needed.'),
(19, 19, '2024-01-19', 'Property in good condition.'),
(20, 20, '2024-01-20', 'Roof damage detected.'),
(21, 21, '2024-01-21', 'Minor issues identified.'),
(22, 22, '2024-01-22', 'Electrical problems found.'),
(23, 23, '2024-01-23', 'No issues detected.'),
(24, 24, '2024-01-24', 'Mold detected in attic.'),
(25, 25, '2024-01-25', 'Minor repairs recommended.'),
(26, 26, '2024-01-26', 'Property in excellent condition.'),
(27, 27, '2024-01-27', 'Foundation issues detected.'),
(28, 28, '2024-01-28', 'Minor repairs needed.'),
(29, 29, '2024-01-29', 'No significant issues found.'),
(30, 30, '2024-01-30', 'Pest infestation identified.'),
(31, 31, '2024-01-31', 'Minor issues detected.'),
(32, 32, '2024-02-01', 'No issues found.'),
(33, 33, '2024-02-02', 'Plumbing problems detected.'),
(34, 34, '2024-02-03', 'Minor repairs recommended.'),
(35, 35, '2024-02-04', 'Property in good condition.'),
(36, 36, '2024-02-05', 'Roof damage detected.'),
(37, 37, '2024-02-06', 'Minor issues identified.'),
(38, 38, '2024-02-07', 'Electrical problems found.'),
(39, 39, '2024-02-08', 'No issues detected.'),
(40, 40, '2024-02-09', 'Mold detected in basement.'),
(41, 41, '2024-02-10', 'Minor repairs recommended.'),
(42, 42, '2024-02-11', 'Property in excellent condition.'),
(43, 43, '2024-02-12', 'Foundation issues detected.'),
(44, 44, '2024-02-13', 'Minor repairs needed.'),
(45, 45, '2024-02-14', 'No significant issues found.'),
(46, 46, '2024-02-15', 'Pest infestation identified.'),
(47, 47, '2024-02-16', 'Minor issues detected.'),
(48, 48, '2024-02-17', 'No issues found.'),
(49, 49, '2024-02-18', 'Plumbing problems detected.'),
(50, 50, '2024-02-19', 'Minor repairs recommended.');
 






